<?xml version="1.0" encoding="UTF-8"?>

<faces-config
    xmlns="http://java.sun.com/xml/ns/javaee"
    xmlns:xsi="http://www.w3.org/2001/XMLSchema-instance"
    xsi:schemaLocation="http://java.sun.com/xml/ns/javaee http://java.sun.com/xml/ns/javaee/web-facesconfig_1_2.xsd"
    version="1.2">
<managed-bean>
<managed-bean-name>BalnceEnq</managed-bean-name>
<managed-bean-class>com.ust_global.BalnceEnq</managed-bean-class>
<managed-bean-scope>session</managed-bean-scope>
</managed-bean>
<navigation-rule>

<from-view-id>/checkingBalance.jsp</from-view-id>
<navigation-case>
<from-outcome>success</from-outcome>
<to-view-id>/success.jsp</to-view-id>
</navigation-case>

<navigation-case>
<from-outcome>failed</from-outcome>
<to-view-id>/failed.jsp</to-view-id>
</navigation-case>
</navigation-rule>
</faces-config>
