<?xml version="1.0" encoding="UTF-8"?>

<faces-config
    xmlns="http://java.sun.com/xml/ns/javaee"
    xmlns:xsi="http://www.w3.org/2001/XMLSchema-instance"
    xsi:schemaLocation="http://java.sun.com/xml/ns/javaee http://java.sun.com/xml/ns/javaee/web-facesconfig_1_2.xsd"
    version="1.2">


    
    <managed-bean>
    <managed-bean-name>RegBean</managed-bean-name>
    <managed-bean-class>com.ust_global.Opening</managed-bean-class>
    <managed-bean-scope>session</managed-bean-scope>
    </managed-bean>
     <managed-bean>
     
    <managed-bean-name>TransBean</managed-bean-name>
    <managed-bean-class>com.ust_global.Transactionss</managed-bean-class>
    <managed-bean-scope>session</managed-bean-scope>
    </managed-bean>
    
<navigation-rule>
	<from-view-id>/Login.jsp</from-view-id>
	<navigation-case>
		<from-outcome>new</from-outcome>
		<to-view-id>/new.jsp</to-view-id>
	</navigation-case>
	<navigation-case>
		<from-outcome>existing</from-outcome>
		<to-view-id>/Existing.jsp</to-view-id>
	</navigation-case>
</navigation-rule>
	<navigation-rule>
	<navigation-case>
		<from-outcome>Okay</from-outcome>
		<to-view-id>/EMIpage.jsp</to-view-id>
	</navigation-case>

</navigation-rule>

<navigation-rule>
	<navigation-case>
		<from-outcome>Success</from-outcome>
		<to-view-id>/Home.jsp</to-view-id>
	</navigation-case>

</navigation-rule>

<navigation-rule>
	<navigation-case>
		<from-outcome>home</from-outcome>
		<to-view-id>/Home.jsp</to-view-id>
	</navigation-case>
	<navigation-case>
		<from-outcome>Deposit</from-outcome>
		<to-view-id>/Deposit.jsp</to-view-id>
	</navigation-case>
	<navigation-case>
		<from-outcome>dfailed</from-outcome>
		<to-view-id>/dfailed.jsp</to-view-id>
	</navigation-case>
	<navigation-case>
		<from-outcome>Transaction</from-outcome>
		<to-view-id>/Transaction.jsp</to-view-id>
	</navigation-case>
	<navigation-case>
		<from-outcome>tfailed</from-outcome>
		<to-view-id>/tfailed.jsp</to-view-id>
	</navigation-case>

</navigation-rule>
<navigation-rule>
	<navigation-case>
		<from-action>#{RegBean.logout}</from-action>
		<to-view-id>/LoggedOut.jsp</to-view-id>
	</navigation-case>
	
</navigation-rule>
<navigation-rule>
	<navigation-case>
		<from-action>#{RegBean.loanChecker}</from-action>
		<to-view-id>/Loan.jsp</to-view-id>
	</navigation-case>
	
</navigation-rule>

<navigation-rule>
	<navigation-case>
		<from-outcome>Sanctioned</from-outcome>
		<to-view-id>/loanSuccess.jsp</to-view-id>
	</navigation-case>
	
</navigation-rule>

<navigation-rule>
<from-view-id>/Home.jsp</from-view-id>
	<navigation-case>
		<from-action>#{RegBean.myInformation}</from-action>
		<to-view-id>/AboutMe.jsp</to-view-id>
	</navigation-case>
<navigation-case>
		<from-outcome>balance</from-outcome>
		<to-view-id>/balance.jsp</to-view-id>
	</navigation-case>
</navigation-rule>
<navigation-rule>
	<navigation-case>
		<from-outcome>LoanOrder</from-outcome>
		<to-view-id>/loanResult.jsp</to-view-id>
	</navigation-case>

</navigation-rule>

<navigation-rule>
	<navigation-case>
		<from-outcome>failed</from-outcome>
		<to-view-id>/loanFailure.jsp</to-view-id>
	</navigation-case>

</navigation-rule>
<navigation-rule>
	<navigation-case>
		<from-outcome>failure</from-outcome>
		<to-view-id>/failure.jsp</to-view-id>
	</navigation-case>

</navigation-rule>
<navigation-rule>
	<navigation-case>
		<from-outcome>list</from-outcome>
		<to-view-id>/BranchResult.jsp</to-view-id>
	</navigation-case>

</navigation-rule>

<navigation-rule>
	<navigation-case>
		<from-outcome>registrationSuccess</from-outcome>
		<to-view-id>/Login.jsp</to-view-id>
	</navigation-case>
	<navigation-case>
		<from-outcome>registrationFailed</from-outcome>
		<to-view-id>/new.jsp</to-view-id>
	</navigation-case>

</navigation-rule>
</faces-config>
